"age_band","n","observed_deaths","expected_deaths","observed_mortality","expected_mortality","excess_per_1000","oe_ratio"
"0-4",10044,624,0.279299362523542,0.0621266427718041,2.78075828876486e-05,62.0988351889164,2234.16191989125
"5-17",33614,2234,0.743729905985577,0.0664604034033438,2.2125599630677e-05,66.4382778037132,3003.77863256627
"18-39",53730,3028,5.2661574752918,0.056355853340778,9.80114921885468e-05,56.2578418485894,574.992300212636
"40-64",62448,4747,48.5779365645276,0.0760152446835767,0.000777894193001043,75.2373504905757,97.7192597238957
"65-85",40164,18814,184.657022521138,0.468429439298875,0.00459757550346469,463.83186379541,101.88618739288
